{
    "bangla_ff": {
        "r2": [
            "-",
            "-",
            "-",
            "-",
            "-",
            "-",
            "-",
            "54"
        ],
        "r3": [
            "-",
            "-",
            "-",
            "-",
            "-",
            "-",
            "-",
            "45"
        ]
    },
    "ff_kolkata": {
        "r2": [
            "-",
            "-",
            "-",
            "-",
            "-",
            "-",
            "-",
            "-"
        ],
        "r3": [
            "-",
            "-",
            "-",
            "-",
            "-",
            "-",
            "-",
            "-"
        ]
    },
    "main_bazar": {
        "market": "MAIN BAZAR",
        "open": "23",
        "close": "",
        "r1": [
            "-",
            "67"
        ],
        "r2": [
            "-",
            "-"
        ]
    },
    "pk_mumbai": {
        "market": "PK MAIN MUMBAI",
        "open": "",
        "close": "",
        "r1": [
            "-",
            "-"
        ],
        "r2": [
            "-",
            "-"
        ]
    }
}