[
    {
        "date": "2025-12-01",
        "data": {
            "bangla_ff": {
                "r2": [
                    "-",
                    "-",
                    "-",
                    "-",
                    "-",
                    "-",
                    "-",
                    "-"
                ],
                "r3": [
                    "-",
                    "-",
                    "-",
                    "-",
                    "-",
                    "-",
                    "-",
                    "-"
                ]
            },
            "ff_kolkata": {
                "r2": [
                    "-",
                    "-",
                    "-",
                    "-",
                    "-",
                    "-",
                    "-",
                    "-"
                ],
                "r3": [
                    "-",
                    "-",
                    "-",
                    "-",
                    "-",
                    "-",
                    "-",
                    "-"
                ]
            },
            "main_bazar": {
                "market": "MAIN BAZAR",
                "open": "",
                "close": "",
                "r1": [
                    "-",
                    "-"
                ],
                "r2": [
                    "-",
                    "-"
                ]
            },
            "pk_mumbai": {
                "market": "PK MAIN MUMBAI",
                "open": "",
                "close": "",
                "r1": [
                    "-",
                    "-"
                ],
                "r2": [
                    "-",
                    "-"
                ]
            }
        }
    },
    {
        "date": "2025-11-29",
        "data": {
            "bangla_ff": {
                "r2": [
                    "-",
                    "-",
                    "-",
                    "-",
                    "-",
                    "-",
                    "-",
                    "-"
                ],
                "r3": [
                    "-",
                    "-",
                    "-",
                    "-",
                    "-",
                    "-",
                    "-",
                    "-"
                ]
            },
            "ff_kolkata": {
                "r2": [
                    "-",
                    "-",
                    "-",
                    "-",
                    "-",
                    "-",
                    "-",
                    "-"
                ],
                "r3": [
                    "-",
                    "-",
                    "-",
                    "-",
                    "-",
                    "-",
                    "-",
                    "-"
                ]
            },
            "main_bazar": {
                "market": "MAIN BAZAR",
                "open": "",
                "close": "",
                "r1": [
                    "-",
                    "-"
                ],
                "r2": [
                    "-",
                    "-"
                ]
            },
            "pk_mumbai": {
                "market": "PK MAIN MUMBAI",
                "open": "",
                "close": "",
                "r1": [
                    "-",
                    "-"
                ],
                "r2": [
                    "-",
                    "-"
                ]
            }
        }
    },
    {
        "date": "2025-11-24",
        "data": {
            "bangla_ff": {
                "times": [
                    "11:00 AM",
                    "12:30 PM",
                    "02:00 PM",
                    "03:30 PM",
                    "05:00 PM",
                    "06:30 PM",
                    "08:00 PM",
                    "09:30 PM"
                ],
                "numbers": [
                    "1",
                    "2",
                    "3",
                    "4",
                    "5",
                    "6",
                    "7",
                    "8"
                ],
                "r2": [
                    "-",
                    "-",
                    "-",
                    "45",
                    "-",
                    "-",
                    "-",
                    "23"
                ],
                "r3": [
                    "-",
                    "-",
                    "-",
                    "44",
                    "-",
                    "-",
                    "-",
                    "-"
                ]
            },
            "ff_kolkata": {
                "times": [
                    "11:00 AM",
                    "12:30 PM",
                    "02:00 PM",
                    "03:30 PM",
                    "05:00 PM",
                    "06:30 PM",
                    "08:00 PM",
                    "09:30 PM"
                ],
                "numbers": [
                    "1",
                    "2",
                    "3",
                    "4",
                    "5",
                    "6",
                    "7",
                    "8"
                ],
                "r2": [
                    "-",
                    "-",
                    "-",
                    "-",
                    "-",
                    "-",
                    "-",
                    "45"
                ],
                "r3": [
                    "-",
                    "-",
                    "-",
                    "-",
                    "23",
                    "-",
                    "-",
                    "-"
                ]
            },
            "main_bazar": {
                "market": "MAIN BAZAR",
                "open": "9:20",
                "close": "3:20",
                "r1": [
                    "24",
                    "35"
                ],
                "r2": [
                    "92",
                    "42"
                ]
            },
            "pk_mumbai": {
                "market": "PK MAIN MUMBAI",
                "open": "",
                "close": "",
                "r1": [
                    "-",
                    "-"
                ],
                "r2": [
                    "-",
                    "-"
                ]
            }
        }
    },
    {
        "date": "2025-11-24 02:36:19.003473",
        "data": {
            "bangla_ff": {
                "times": [
                    "11:00 AM",
                    "12:30 PM",
                    "02:00 PM",
                    "03:30 PM",
                    "05:00 PM",
                    "06:30 PM",
                    "08:00 PM",
                    "09:30 PM"
                ],
                "numbers": [
                    "1",
                    "2",
                    "3",
                    "4",
                    "5",
                    "6",
                    "7",
                    "8"
                ],
                "r2": [
                    "-",
                    "-",
                    "-",
                    "-",
                    "-",
                    "-",
                    "-",
                    "-"
                ],
                "r3": [
                    "-",
                    "-",
                    "-",
                    "-",
                    "-",
                    "-",
                    "-",
                    "-"
                ]
            },
            "ff_kolkata": {
                "times": [
                    "11:00 AM",
                    "12:30 PM",
                    "02:00 PM",
                    "03:30 PM",
                    "05:00 PM",
                    "06:30 PM",
                    "08:00 PM",
                    "09:30 PM"
                ],
                "numbers": [
                    "1",
                    "2",
                    "3",
                    "4",
                    "5",
                    "6",
                    "7",
                    "8"
                ],
                "r2": [
                    "-",
                    "-",
                    "-",
                    "-",
                    "-",
                    "-",
                    "-",
                    "-"
                ],
                "r3": [
                    "-",
                    "-",
                    "-",
                    "-",
                    "-",
                    "-",
                    "-",
                    "-"
                ]
            },
            "main_bazar": {
                "market": "MAIN BAZAR",
                "open": "",
                "close": "",
                "r1": [
                    "-",
                    "-"
                ],
                "r2": [
                    "-",
                    "-"
                ]
            },
            "pk_mumbai": {
                "market": "PK MAIN MUMBAI",
                "open": "",
                "close": "",
                "r1": [
                    "-",
                    "-"
                ],
                "r2": [
                    "-",
                    "-"
                ]
            }
        }
    }
]